Route_Name,Route_Link,Bus_Name,Bus_Type,Departing_Time,Duration,Reaching_Time,Star_Rating,Price,Seat_Availability
Tezpur to Guwahati,https://www.redbus.in/bus-tickets/tezpur-to-guwahati,Assam State Transport Corporation (ASTC) - 147480,Bharat Benz A/C Seater (2+2),05:00,04h 00m,09:00,3.8,INR 270,32 Seats available
Tezpur to Guwahati,https://www.redbus.in/bus-tickets/tezpur-to-guwahati,Assam State Transport Corporation (ASTC) - 174840,Bharat Benz A/C Seater (2+2),06:15,04h 15m,10:30,4.8,INR 298,35 Seats available
Tezpur to Guwahati,https://www.redbus.in/bus-tickets/tezpur-to-guwahati,Assam State Transport Corporation (ASTC) - 135927,Volvo AC Seater 2+2,07:10,04h 30m,11:40,4.3,INR 298,31 Seats available
Tezpur to Guwahati,https://www.redbus.in/bus-tickets/tezpur-to-guwahati,Assam State Transport Corporation (ASTC) - 170878,Bharat Benz A/C Seater (2+2),10:35,04h 40m,15:15,4.5,INR 298,29 Seats available
Tezpur to Guwahati,https://www.redbus.in/bus-tickets/tezpur-to-guwahati,Assam State Transport Corporation (ASTC) - 156590,Bharat Benz A/C Seater (2+2),14:00,04h 30m,18:30,4.3,INR 298,34 Seats available
Tezpur to Guwahati,https://www.redbus.in/bus-tickets/tezpur-to-guwahati,Assam State Transport Corporation (ASTC) - 154930,Volvo AC Seater 2+2,15:45,04h 15m,20:00,3.9,INR 298,30 Seats available
Tezpur to Guwahati,https://www.redbus.in/bus-tickets/tezpur-to-guwahati,Assam State Transport Corporation (ASTC) - 161055,Volvo AC Seater 2+2,16:15,04h 15m,20:30,3.9,INR 298,15 Seats available
Tezpur to Guwahati,https://www.redbus.in/bus-tickets/tezpur-to-guwahati,NEELKANTH TRAVELS,A/C Seater Push Back (2+2),05:15,03h 15m,08:30,4.5,INR 300,38 Seats available
Tezpur to Guwahati,https://www.redbus.in/bus-tickets/tezpur-to-guwahati,MAA Anada (UNDER ASTC),AC Seater (2+2),05:20,03h 10m,08:30,3.3,INR 304.2,35 Seats available
Tezpur to Guwahati,https://www.redbus.in/bus-tickets/tezpur-to-guwahati,Kanchan Travels,AC Seater (2+2),05:30,03h 15m,08:45,4.2,332,31 Seats available
Tezpur to Guwahati,https://www.redbus.in/bus-tickets/tezpur-to-guwahati,Mahi Travels(Under ASTC),A/C Seater (2+2),05:40,03h 15m,08:55,4.6,349,28 Seats available
Tezpur to Guwahati,https://www.redbus.in/bus-tickets/tezpur-to-guwahati,WARISPIYA TRAVELS,AC Seater (2+2),05:45,03h 15m,09:00,4.0,INR 360,41 Seats available
Tezpur to Guwahati,https://www.redbus.in/bus-tickets/tezpur-to-guwahati,Orient Transline,A/C Seater (2+1),05:55,03h 05m,09:00,4.2,INR 342.86,36 Seats available
Tezpur to Guwahati,https://www.redbus.in/bus-tickets/tezpur-to-guwahati,WARISPIYA TRAVELS,Bharat Benz A/C Seater (2+2),06:30,03h 55m,10:25,4.1,INR 360,45 Seats available
Tezpur to Guwahati,https://www.redbus.in/bus-tickets/tezpur-to-guwahati,Orient Transline,A/C Seater (2+1),07:35,03h 25m,11:00,3.7,INR 342.86,37 Seats available
Tezpur to Guwahati,https://www.redbus.in/bus-tickets/tezpur-to-guwahati,WARISPIYA TRAVELS,AC Seater (2+2),07:45,04h 15m,12:00,4.2,INR 360,44 Seats available
Tezpur to Guwahati,https://www.redbus.in/bus-tickets/tezpur-to-guwahati,Mahi Travels(Under ASTC),A/C Seater (2+2),08:00,03h 30m,11:30,4.3,369,35 Seats available
Tezpur to Guwahati,https://www.redbus.in/bus-tickets/tezpur-to-guwahati,Mahalaxmi Travels,Tata A/C Seater (2+2),09:55,03h 50m,13:45,3.6,INR 300,38 Seats available
Tezpur to Guwahati,https://www.redbus.in/bus-tickets/tezpur-to-guwahati,Pranjit Travels (Under ASTC),NON A/C Seater (2+1),10:10,04h 50m,15:00,3.1,INR 450,37 Seats available
Tezpur to Guwahati,https://www.redbus.in/bus-tickets/tezpur-to-guwahati,Pranjit Travels (Under ASTC),NON A/C Seater (2+1),10:30,05h 15m,15:45,3.3,INR 450,28 Seats available
Tezpur to Guwahati,https://www.redbus.in/bus-tickets/tezpur-to-guwahati,Pranjit Travels (Under ASTC),A/C Seater (2+1),11:15,04h 15m,15:30,3.8,INR 450,34 Seats available
Tezpur to Guwahati,https://www.redbus.in/bus-tickets/tezpur-to-guwahati,Chartered Bus - ASTC,A/C Seater Push Back (2+2),11:30,04h 45m,16:15,4.5,INR 485.57,38 Seats available
Tezpur to Guwahati,https://www.redbus.in/bus-tickets/tezpur-to-guwahati,Pranjit Travels (Under ASTC),NON A/C Seater (2+1),11:30,05h 15m,16:45,4.3,INR 450,36 Seats available
Tezpur to Guwahati,https://www.redbus.in/bus-tickets/tezpur-to-guwahati,Chartered Bus - ASTC,Volvo AC Seater Pushback 2+2,13:00,04h 00m,17:00,4.6,INR 389.13,37 Seats available
Tezpur to Guwahati,https://www.redbus.in/bus-tickets/tezpur-to-guwahati,Chartered Bus - ASTC,Volvo AC Seater Pushback 2+2,14:30,04h 00m,18:30,4.0,INR 432.06,32 Seats available
Tezpur to Guwahati,https://www.redbus.in/bus-tickets/tezpur-to-guwahati,SHIVAM TRAVELS,Bharat Benz A/C Seater (2+1),15:00,04h 15m,19:15,4.2,360,33 Seats available
Tezpur to Guwahati,https://www.redbus.in/bus-tickets/tezpur-to-guwahati,Chartered Bus - ASTC,Volvo AC Seater Pushback 2+2,15:30,03h 45m,19:15,4.6,INR 389.13,26 Seats available
Tezpur to Guwahati,https://www.redbus.in/bus-tickets/tezpur-to-guwahati,Pranjit Travels (Under ASTC),Non AC Seater (2+1),00:25,06h 05m,06:30,2.9,INR 450,28 Seats available
Tezpur to Guwahati,https://www.redbus.in/bus-tickets/tezpur-to-guwahati,Vihaan Travels,A/C Seater (2+1),05:15,03h 30m,08:45,2.0,INR 350,15 Seats available
Tezpur to Guwahati,https://www.redbus.in/bus-tickets/tezpur-to-guwahati,Upasana Travels (Under ASTC),A/C Seater (2+2),06:30,04h 10m,10:40,2.0,INR 280,30 Seats available
Tezpur to Guwahati,https://www.redbus.in/bus-tickets/tezpur-to-guwahati,Upasana Travels (Under ASTC),Non AC Seater (2+2),06:55,04h 05m,11:00,2.5,INR 325,40 Seats available
Tezpur to Guwahati,https://www.redbus.in/bus-tickets/tezpur-to-guwahati,Kalpana Travels,AC Seater (2+2),08:50,03h 40m,12:30,1.9,342,44 Seats available
Tezpur to Guwahati,https://www.redbus.in/bus-tickets/tezpur-to-guwahati,Brindaban Travels,Non AC Seater (2+2),09:15,04h 00m,13:15,2.7,INR 315,35 Seats available
Tezpur to Guwahati,https://www.redbus.in/bus-tickets/tezpur-to-guwahati,Karisma (Aziba),NON A/C Seater (2+1),09:45,04h 25m,14:10,2.6,INR 350,34 Seats available
Tezpur to Guwahati,https://www.redbus.in/bus-tickets/tezpur-to-guwahati,PANKAJ TRAVELS,A/C Seater (2+1),13:00,04h 00m,17:00,2.6,475,34 Seats available
Tezpur to Guwahati,https://www.redbus.in/bus-tickets/tezpur-to-guwahati,BARBIE TRAVELS,A/C Seater Push Back (2+2),13:10,04h 40m,17:50,2.9,INR 350,40 Seats available
Tezpur to Guwahati,https://www.redbus.in/bus-tickets/tezpur-to-guwahati,BLUE HILL TRAVELS INDIA LIMITED,NON A/C Seater Semi Sleeper (2+1),21:30,06h 00m,03:30,1.8,INR 400,31 Seats available
Tezpur to Guwahati,https://www.redbus.in/bus-tickets/tezpur-to-guwahati,Himalayan Travels,NON A/C Seater (2+2),23:40,04h 20m,04:00,1.8,450,35 Seats available
Tezpur to Guwahati,https://www.redbus.in/bus-tickets/tezpur-to-guwahati,DESTINY TRAVELS,NON AC Seater / Sleeper 2+1,01:15,02h 30m,03:45,3.8,399,35 Seats available
Tezpur to Guwahati,https://www.redbus.in/bus-tickets/tezpur-to-guwahati,Pranjit Travels (Under ASTC),NON A/C Seater (2+1),13:15,04h 45m,18:00,3.7,INR 550,24 Seats available
Tezpur to Guwahati,https://www.redbus.in/bus-tickets/tezpur-to-guwahati,BLUE HILL TRAVELS INDIA LIMITED,NON A/C Seater Semi Sleeper (2+1),22:15,05h 30m,03:45,2.5,INR 550,19 Seats available
Tezpur to Guwahati,https://www.redbus.in/bus-tickets/tezpur-to-guwahati,Pranjit Travels (Under ASTC),Bharat Benz A/C Seater (2+1),01:15,05h 00m,06:15,0,INR 550,27 Seats available
Sibsagar to North Lakhimpur,https://www.redbus.in/bus-tickets/sibsagar-to-north-lakhimpur,Assam State Transport Corporation (ASTC) - 173043,Non AC Seater (2+2),07:30,04h 00m,11:30,3.3,INR 220,29 Seats available
Guwahati to Biswanath Charali,https://www.redbus.in/bus-tickets/guwahati-to-biswanath-charali,Assam State Transport Corporation (ASTC) - 173419,Bharat Benz A/C Seater (2+2),07:15,04h 35m,11:50,3.6,INR 412,34 Seats available
Guwahati to Biswanath Charali,https://www.redbus.in/bus-tickets/guwahati-to-biswanath-charali,Assam State Transport Corporation (ASTC) - 175310,Bharat Benz A/C Seater (2+2),08:30,05h 15m,13:45,3.8,INR 412,34 Seats available
Guwahati to Biswanath Charali,https://www.redbus.in/bus-tickets/guwahati-to-biswanath-charali,PANKAJ TRAVELS,AC Seater (2+2),05:30,05h 20m,10:50,3.6,428,37 Seats available
Guwahati to Biswanath Charali,https://www.redbus.in/bus-tickets/guwahati-to-biswanath-charali,Karisma (Aziba),NON A/C Seater (2+1),05:45,06h 05m,11:50,4.7,INR 400,34 Seats available
Guwahati to Biswanath Charali,https://www.redbus.in/bus-tickets/guwahati-to-biswanath-charali,Chartered Bus - ASTC,A/C Seater Push Back (2+2),07:00,05h 00m,12:00,4.6,INR 647.8,38 Seats available
Guwahati to Biswanath Charali,https://www.redbus.in/bus-tickets/guwahati-to-biswanath-charali,KIRAN TRAVELS,A/C Seater (2+1),07:05,05h 25m,12:30,3.0,432,29 Seats available
Guwahati to Biswanath Charali,https://www.redbus.in/bus-tickets/guwahati-to-biswanath-charali,Pranjit Travels (Under ASTC),NON A/C Seater (2+1),07:45,07h 15m,15:00,3.7,INR 500,37 Seats available
Guwahati to Biswanath Charali,https://www.redbus.in/bus-tickets/guwahati-to-biswanath-charali,Pranjit Travels (Under ASTC),A/C Seater (2+1),08:15,07h 00m,15:15,4.8,INR 550,37 Seats available
Guwahati to Biswanath Charali,https://www.redbus.in/bus-tickets/guwahati-to-biswanath-charali,BLUE HILL TRAVELS INDIA LIMITED,NON A/C Seater Semi Sleeper (2+1),09:30,05h 30m,15:00,3.5,INR 400,30 Seats available
Guwahati to Biswanath Charali,https://www.redbus.in/bus-tickets/guwahati-to-biswanath-charali,Mahi Travels(Under ASTC),A/C Seater (2+2),10:00,06h 30m,16:30,4.2,441,27 Seats available
Guwahati to Biswanath Charali,https://www.redbus.in/bus-tickets/guwahati-to-biswanath-charali,Kanchan Travels,AC Seater (2+2),10:45,06h 40m,17:25,3.2,410,30 Seats available
Guwahati to Biswanath Charali,https://www.redbus.in/bus-tickets/guwahati-to-biswanath-charali,Orient Transline,A/C Seater (2+1),11:30,05h 10m,16:40,4.1,INR 476.19,29 Seats available
Guwahati to Biswanath Charali,https://www.redbus.in/bus-tickets/guwahati-to-biswanath-charali,Orient Transline,A/C Seater (2+1),13:00,06h 10m,19:10,3.5,INR 476.19,37 Seats available
Guwahati to Biswanath Charali,https://www.redbus.in/bus-tickets/guwahati-to-biswanath-charali,Mahalaxmi Travels,Tata A/C Seater (2+2),14:35,05h 25m,20:00,4.1,INR 410,40 Seats available
Guwahati to Biswanath Charali,https://www.redbus.in/bus-tickets/guwahati-to-biswanath-charali,Yatra Travels,NON A/C Seater (2+1),18:00,07h 30m,01:30,3.1,450,32 Seats available
Guwahati to Biswanath Charali,https://www.redbus.in/bus-tickets/guwahati-to-biswanath-charali,PARIJAT TRAVELS(UNDER ASTC),NON A/C Seater (2+1),19:35,06h 25m,02:00,4.3,INR 500,32 Seats available
Guwahati to Biswanath Charali,https://www.redbus.in/bus-tickets/guwahati-to-biswanath-charali,Yatra Travels,NON AC Seater/ Sleeper (2+1),20:00,05h 00m,01:00,3.3,450,46 Seats available
Guwahati to Biswanath Charali,https://www.redbus.in/bus-tickets/guwahati-to-biswanath-charali,Yatra Travels,NON AC Seater/ Sleeper (2+1),20:30,05h 45m,02:15,3.6,450,47 Seats available
Guwahati to Biswanath Charali,https://www.redbus.in/bus-tickets/guwahati-to-biswanath-charali,Pranjit Travels (Under ASTC),Non AC Seater (2+1),20:30,06h 30m,03:00,4.0,INR 500,32 Seats available
Guwahati to Biswanath Charali,https://www.redbus.in/bus-tickets/guwahati-to-biswanath-charali,BLUE HILL TRAVELS INDIA LIMITED,NON A/C Seater Semi Sleeper (2+1),20:30,05h 00m,01:30,3.3,INR 500,31 Seats available
Guwahati to Biswanath Charali,https://www.redbus.in/bus-tickets/guwahati-to-biswanath-charali,Maharathi Travels(UNDER ASTC),NON A/C Seater (2+1),20:55,06h 35m,03:30,3.4,400,34 Seats available
Guwahati to Biswanath Charali,https://www.redbus.in/bus-tickets/guwahati-to-biswanath-charali,Pranjit Travels (Under ASTC),Bharat Benz A/C Seater (2+1),21:30,06h 15m,03:45,4.1,INR 600,28 Seats available
Guwahati to Biswanath Charali,https://www.redbus.in/bus-tickets/guwahati-to-biswanath-charali,Pranjit Travels (Under ASTC),Non AC Seater (2+1),21:45,05h 15m,03:00,3.2,INR 500,32 Seats available
Guwahati to Biswanath Charali,https://www.redbus.in/bus-tickets/guwahati-to-biswanath-charali,MAA Anada (UNDER ASTC),AC Seater (2+2),09:30,06h 45m,16:15,1.9,INR 384.3,36 Seats available
Guwahati to Biswanath Charali,https://www.redbus.in/bus-tickets/guwahati-to-biswanath-charali,DESTINY TRAVELS,NON A/C Seater (2+1),18:45,29h 39m,00:24,1.8,457,32 Seats available
Guwahati to Biswanath Charali,https://www.redbus.in/bus-tickets/guwahati-to-biswanath-charali,BLUE HILL TRAVELS INDIA LIMITED,NON A/C Seater Semi Sleeper (2+1),20:00,06h 00m,02:00,1.9,450,31 Seats available
Guwahati to Biswanath Charali,https://www.redbus.in/bus-tickets/guwahati-to-biswanath-charali,NORTH EAST TRAVELS(UNDER ASTC),NON A/C Seater (2+1),20:15,06h 15m,02:30,2.5,INR 500,26 Seats available
Guwahati to Haflong,https://www.redbus.in/bus-tickets/guwahati-to-haflong,NETWORK TRAVELS,NON A/C Seater (2+1),18:30,12h 30m,07:00,4.6,600,25 Seats available
Guwahati to Haflong,https://www.redbus.in/bus-tickets/guwahati-to-haflong,Deep Travels,Non AC Seater (2+1),19:30,11h 00m,06:30,3.6,INR 600,32 Seats available
Guwahati to Haflong,https://www.redbus.in/bus-tickets/guwahati-to-haflong,JOY HANUMAN,Non AC Seater (2+2),07:40,09h 00m,16:40,4.5,594,32 Seats available
Gohpur to Guwahati,https://www.redbus.in/bus-tickets/gohpur-to-guwahati,Assam State Transport Corporation (ASTC) - 170878,Bharat Benz A/C Seater (2+2),08:30,06h 45m,15:15,4.3,INR 503,29 Seats available
Gohpur to Guwahati,https://www.redbus.in/bus-tickets/gohpur-to-guwahati,Yatra Travels,NON A/C Seater (2+1),09:00,08h 00m,17:00,4.4,450,32 Seats available
Gohpur to Guwahati,https://www.redbus.in/bus-tickets/gohpur-to-guwahati,Pranjit Travels (Under ASTC),Non AC Seater (2+1),08:00,07h 00m,15:00,4.4,INR 570,37 Seats available
Gohpur to Guwahati,https://www.redbus.in/bus-tickets/gohpur-to-guwahati,KIRAN TRAVELS,A/C Seater (2+1),22:50,08h 40m,07:30,4.3,540,26 Seats available
Gohpur to Guwahati,https://www.redbus.in/bus-tickets/gohpur-to-guwahati,Pranjit Travels (Under ASTC),A/C Seater / Sleeper (2+1),23:05,06h 55m,06:00,4.6,INR 620,50 Seats available
Gohpur to Guwahati,https://www.redbus.in/bus-tickets/gohpur-to-guwahati,Yatra Travels,NON AC Seater/ Sleeper (2+1),22:20,07h 40m,06:00,4.4,450,47 Seats available
Gohpur to Guwahati,https://www.redbus.in/bus-tickets/gohpur-to-guwahati,Chartered Bus - ASTC,A/C Seater Push Back (2+2),09:30,06h 45m,16:15,4.2,INR 680.7,38 Seats available
Gohpur to Guwahati,https://www.redbus.in/bus-tickets/gohpur-to-guwahati,Deep Travels,NON AC Seater / Sleeper 2+1,22:20,06h 40m,05:00,3.9,INR 499,35 Seats available
Gohpur to Guwahati,https://www.redbus.in/bus-tickets/gohpur-to-guwahati,BARBIE TRAVELS,A/C Seater Push Back (2+2),10:20,07h 30m,17:50,3.1,INR 500,40 Seats available
Gohpur to Guwahati,https://www.redbus.in/bus-tickets/gohpur-to-guwahati,Pranjit Travels (Under ASTC),Bharat Benz A/C Seater (2+1),22:45,07h 30m,06:15,3.2,550,31 Seats available
Gohpur to Guwahati,https://www.redbus.in/bus-tickets/gohpur-to-guwahati,PARIJAT TRAVELS(UNDER ASTC),NON A/C Seater (2+1),23:11,07h 19m,06:30,3.6,375,29 Seats available
Gohpur to Guwahati,https://www.redbus.in/bus-tickets/gohpur-to-guwahati,Yatra Travels,NON A/C Seater (2+1),22:35,07h 40m,06:15,3.0,450,32 Seats available
Gohpur to Guwahati,https://www.redbus.in/bus-tickets/gohpur-to-guwahati,NORTH EAST TRAVELS(UNDER ASTC),NON A/C Seater (2+1),20:00,10h 00m,06:00,3.0,INR 500,26 Seats available
Gohpur to Guwahati,https://www.redbus.in/bus-tickets/gohpur-to-guwahati,Drishti Travels,NON A/C Seater (2+1),21:00,08h 30m,05:30,3.3,432,32 Seats available
Gohpur to Guwahati,https://www.redbus.in/bus-tickets/gohpur-to-guwahati,BLUE HILL TRAVELS INDIA LIMITED,NON A/C Seater Semi Sleeper (2+1),20:15,07h 30m,03:45,3.2,INR 550,31 Seats available
Gohpur to Guwahati,https://www.redbus.in/bus-tickets/gohpur-to-guwahati,Island Travels (Under ASTC),Non AC Seater (2+1),22:30,07h 30m,06:00,2.6,450,35 Seats available
Gohpur to Guwahati,https://www.redbus.in/bus-tickets/gohpur-to-guwahati,Drishti Travels,NON A/C Seater (2+1),21:00,08h 00m,05:00,2.9,432,32 Seats available
Gohpur to Guwahati,https://www.redbus.in/bus-tickets/gohpur-to-guwahati,Pranjit Travels (Under ASTC),Non AC Seater (2+1),22:20,08h 10m,06:30,4.4,INR 570,29 Seats available
Gohpur to Guwahati,https://www.redbus.in/bus-tickets/gohpur-to-guwahati,Pranjit Travels (Under ASTC),Non AC Seater (2+1),08:25,07h 20m,15:45,3.6,INR 570,28 Seats available
Gohpur to Guwahati,https://www.redbus.in/bus-tickets/gohpur-to-guwahati,Pranjit Travels (Under ASTC),Non AC Seater (2+1),09:20,07h 25m,16:45,3.2,INR 570,37 Seats available
Gohpur to Guwahati,https://www.redbus.in/bus-tickets/gohpur-to-guwahati,MAHARATHI TRANSPORT,NON A/C Seater (2+1),22:15,06h 45m,05:00,4.4,400,34 Seats available
Gohpur to Guwahati,https://www.redbus.in/bus-tickets/gohpur-to-guwahati,Karisma (Aziba),NON A/C Seater (2+1),07:40,06h 30m,14:10,3.1,INR 480,35 Seats available
Gohpur to Guwahati,https://www.redbus.in/bus-tickets/gohpur-to-guwahati,GURUNANAK TRAVELS,NON A/C Seater (2+1),21:00,08h 00m,05:00,3.9,INR 500,32 Seats available
Gohpur to Guwahati,https://www.redbus.in/bus-tickets/gohpur-to-guwahati,Pranjit Travels (Under ASTC),Non AC Seater (2+1),11:30,06h 30m,18:00,3.9,INR 600,24 Seats available
Gohpur to Guwahati,https://www.redbus.in/bus-tickets/gohpur-to-guwahati,Pranjit Travels (Under ASTC),A/C Seater (2+1),09:15,06h 15m,15:30,1.8,INR 630,37 Seats available
Gohpur to Guwahati,https://www.redbus.in/bus-tickets/gohpur-to-guwahati,DESTINY TRAVELS,NON AC Seater / Sleeper 2+1,11:15,16h 30m,03:45,3.9,494,34 Seats available
Gohpur to Guwahati,https://www.redbus.in/bus-tickets/gohpur-to-guwahati,Pranjit Travels (Under ASTC),NON A/C Seater (2+1),21:45,07h 45m,05:30,3.6,INR 570,37 Seats available
Gohpur to Guwahati,https://www.redbus.in/bus-tickets/gohpur-to-guwahati,PANKAJ TRAVELS,A/C Seater (2+1),10:40,06h 20m,17:00,3.3,570,34 Seats available
Gohpur to Guwahati,https://www.redbus.in/bus-tickets/gohpur-to-guwahati,Sylvan DEE Transport,Non AC Seater (2+1),20:45,08h 15m,05:00,0,INR 470,2 Seats available
